name,datetime,tempmax,tempmin,temp,feelslike,precip,windspeed,winddir,sealevelpressure,cloudcover
cairo,2020-01-06,17,10,13.4,13.2,0,42.5,187.9,1015.5,47
cairo,2020-01-07,15,10.8,12.4,12.4,0,46.4,217.5,1015.7,61
cairo,2020-01-08,16,8.1,12.2,10.9,0,40.7,226,1017.5,42.7
cairo,2020-01-09,15,9,11.9,11.3,0.7,31.7,226.5,1016.8,39.3
cairo,2020-01-10,16,8,12.1,11.5,0,31.7,253.2,1018.4,52.7
cairo,2020-01-11,17,8,12.7,12.3,0,14.8,189.1,1024.3,30.8
cairo,2020-01-12,18,11.9,14.3,14.3,0,14.8,228.3,1024.4,64.3
cairo,2020-01-13,18,10,14.1,14.1,0,18.4,38,1023.8,21.4
cairo,2020-01-14,18,11,14.7,14.7,0,29.5,48,1023,54.6
cairo,2020-01-15,21,12,16.5,16.5,0,35.3,60.4,1018.3,49.3
cairo,2020-01-16,18,13,16,16,0,38.9,191.8,1013.1,53.2
cairo,2020-01-17,17,11.9,13.8,13.8,1.2,33.5,208,1015.1,59.8
cairo,2020-01-18,16.8,11.9,13.9,13.9,0.4,22.3,217.2,1018.4,50.3
cairo,2020-01-19,16,10,13.3,13,0.3,24.1,202.2,1020.6,63.1
cairo,2020-01-20,17,12,14.4,14.4,0.2,29.5,271.6,1025.5,68.9
cairo,2020-01-21,16,11,13.2,13.2,0,33.5,308.3,1024.8,56.5
cairo,2020-01-22,16.1,9,12.8,12.7,0,22.3,307.1,1023.8,56.5
cairo,2020-01-23,16,8,12.8,12.3,0.1,20.5,219.3,1023.2,54.5
cairo,2020-01-24,16,10.1,13.4,13.4,0.1,27.7,293.1,1023.4,50
cairo,2020-01-25,17,6,11.4,11.1,0,20.5,24.7,1029,10.4
cairo,2020-01-26,17,6,11.8,11.1,0,29.5,49.8,1028.6,35.4
cairo,2020-01-27,19,7,12.7,11.8,0,31.7,49.3,1023.3,51.1
cairo,2020-01-28,17,9,13.3,13.3,0,16.6,333.1,1019.8,32.2
cairo,2020-01-29,18.1,10,14.9,14.8,0,16.6,272.4,1022.2,38.8
cairo,2020-01-30,19,11,15.5,15.5,0,20.5,289,1022,21.5
cairo,2020-01-31,19,11,14.6,14.6,0,22.3,288.6,1020.8,32.1
cairo,2020-02-01,18,9,14.1,13.8,0,16.6,324.8,1022.2,26.2
cairo,2020-02-02,19,9,14.6,14.6,0,18.4,12.5,1022.7,25.4
cairo,2020-02-03,18,9.9,14.2,14,0,22.3,15.5,1021.8,29.9
cairo,2020-02-04,19,11,15.3,15.3,0,14.8,294.6,1019.6,30.9
cairo,2020-02-05,21,12.9,16.9,16.9,0,31.7,178,1015.2,28.3
cairo,2020-02-06,22,16,18.3,18.3,0,42.5,199,1014.8,0.5
cairo,2020-02-07,19,14,15.9,15.9,0,35.3,246.2,1018.1,27.7
cairo,2020-02-08,16,11.1,13.3,13.3,0,27.7,262.2,1023.2,57.1
cairo,2020-02-09,15,10.1,12.2,12.2,0,31.7,303.3,1027.2,54.9
cairo,2020-02-10,14,9.9,11.8,11.5,0,22.3,302.6,1027.2,75.9
cairo,2020-02-11,18,9,13,12.6,0,24.1,205.6,1023.9,44.2
cairo,2020-02-12,20,11,15.5,15.5,0,24.1,186,1022.5,21.9
cairo,2020-02-13,24,13,18.2,18.2,0,22.3,167.7,1022,3.3
cairo,2020-02-14,20.1,11,15.6,15.6,0,27.7,42.9,1019.6,46.7
cairo,2020-02-15,21,11.8,15.5,15.5,0,14.8,312.6,1015.6,31.4
cairo,2020-02-16,19.8,14,16.2,16.2,0.4,18.4,306.1,1015.4,62.1
cairo,2020-02-17,19,12.8,15.3,15.3,0,27.7,4.2,1017.7,47.5
cairo,2020-02-18,19,10,14,14,0.3,24.1,348.6,1016.8,45.7
cairo,2020-02-19,18.5,11,13.9,13.9,0.8,27.7,273.8,1017.8,50.6
cairo,2020-02-20,19,10,14.5,14.4,0,24.1,225.5,1020,65
cairo,2020-02-21,20,12,15.6,15.6,0,38.9,229.1,1016.4,50.1
cairo,2020-02-22,17,11,14.2,14.2,0,14.8,250.2,1018.9,52.5
cairo,2020-02-23,18,11.9,14.9,14.9,0.4,18.4,6.3,1017.9,70.2
cairo,2020-02-24,16,9,11.6,11.2,10.2,27.7,347.5,1015.7,68.6
cairo,2020-02-25,20,11,15,15,1.4,22.3,258.6,1018.1,50.9
cairo,2020-02-26,22,12.9,17.3,17.3,0,14.8,191.4,1020.6,40.4
cairo,2020-02-27,25,13.1,19.8,19.8,0,14.8,169.6,1018.9,32.2
cairo,2020-02-28,26,16,20.8,20.8,0,18.4,268.8,1015.8,24.8
cairo,2020-02-29,21,14,17.1,17.1,0,31.7,272.9,1016.8,53.6
cairo,2020-03-01,19,12.8,15.4,15.4,0,25.9,303.4,1019.8,39.4
cairo,2020-03-02,20,11,15.3,15.3,0,29.5,21,1021.4,3.5
cairo,2020-03-03,23,11,16.4,16.4,0,31.7,43.9,1019.4,44.6
cairo,2020-03-04,26,11,18.9,18.9,0,22.3,231.1,1013.7,13
cairo,2020-03-05,26,19,21.9,21.9,0,37.1,179.7,1010.3,15
cairo,2020-03-06,20,15.9,17.8,17.8,1.3,31.7,268.9,1012.7,59.1
cairo,2020-03-07,22,14,17.5,17.5,0,25.9,21.7,1019,27.3
cairo,2020-03-08,25,12,18.2,18.2,0,29.5,43.7,1017.9,17.5
cairo,2020-03-09,30,14.8,21.1,20.7,0,42.5,230.7,1012.3,25.2
cairo,2020-03-10,21,12,16.6,16.6,0,33.5,19.3,1016.3,37.8
cairo,2020-03-11,23,13,17.3,17.3,0.5,40.7,31.3,1011.9,51.4
cairo,2020-03-12,17,13.1,15.6,15.6,44.1,46.4,53.1,1003.9,66.7
cairo,2020-03-13,18,12,15.3,15.3,21.5,51.8,221.2,998.6,65.6
cairo,2020-03-14,22,16,18.6,18.6,1,16.6,282.2,1013.7,63.6
cairo,2020-03-15,24,15.8,19.5,19.5,0,16.6,186.9,1016.4,47.5
cairo,2020-03-16,26,16,20.3,20.3,0,22.3,269.8,1014.9,28.1
cairo,2020-03-17,18.1,12,15.4,15.4,0.3,42.5,288.2,1015.7,65.3
cairo,2020-03-18,19,11,14.7,14.7,0,25.9,266.5,1017.2,54.7
cairo,2020-03-19,19,12,14.9,14.9,0,31.7,268.3,1018,54.4
cairo,2020-03-20,17,11,13.5,13.5,0.3,40.7,256.1,1016,37.7
cairo,2020-03-21,18,10,13.9,13.8,0,24.1,328.3,1015.9,56.6
cairo,2020-03-22,21,10,15.9,15.9,0,22.3,78.7,1016.9,41
cairo,2020-03-23,27.9,16,22.4,22,0,48.2,181.9,1010,48.8
cairo,2020-03-24,25,16,19.9,19.9,0,22.3,311,1010.6,8.5
cairo,2020-03-25,22,13.9,17.7,17.7,0,29.5,25.1,1013,45.4
cairo,2020-03-26,28,15.8,20,19.9,0.5,40.7,41.4,1007.4,65.8
cairo,2020-03-27,25.5,16.8,20.3,20.3,0,44.6,9.9,1007.3,44
cairo,2020-03-28,21,15,17.8,17.8,0,22.3,319.7,1016.2,54.6
cairo,2020-03-29,26,13,19.8,19.8,0,24.1,204.5,1015.5,29.6
cairo,2020-03-30,30,18,24.2,23.6,0,37.1,172.6,1010.7,29
cairo,2020-03-31,30.1,18,25.5,25,0.1,48.2,221.4,1007.8,45.7
cairo,2020-04-01,24,15.9,19.3,19.3,0,31.7,273.2,1014.3,43.8
cairo,2020-04-02,24,15.9,19.6,19.6,0,18.4,336.1,1015.5,18
cairo,2020-04-03,28,17,22.4,22.2,0,35.3,57.4,1015.5,12.4
cairo,2020-04-04,34,19,26.9,25.7,0,44.6,109.6,1011.2,8.9
cairo,2020-04-05,31,18.9,25,24.5,0,40.7,255,1011.2,15.7
cairo,2020-04-06,23.3,16,19.4,19.4,0,25.9,4.1,1016.6,31
cairo,2020-04-07,23,14,18.1,18.1,0,24.1,355,1016.5,28.7
cairo,2020-04-08,22,14,18.5,18.5,0,176,358.2,1015.7,52.7
cairo,2020-04-09,23,16,18.9,18.9,0.1,25.9,325.6,1014.3,39.7
cairo,2020-04-10,22,14.8,17.4,17.4,0,29.5,266,1014.9,32.1
cairo,2020-04-11,23,14,18.3,18.3,0,20.5,320.7,1016.7,24.3
cairo,2020-04-12,24,15,19.1,19.1,0,29.5,7.1,1018.5,33
cairo,2020-04-13,24,14.1,19.2,19.2,0,33.5,21.5,1017.7,2.1
cairo,2020-04-14,26,15,19.5,19.5,0,31.7,10.5,1017.6,30
cairo,2020-04-15,28.1,14.9,21.7,21.5,0,18.4,38.4,1017.4,29
cairo,2020-04-16,25.1,16.1,21.6,21.6,0,29.5,276,1012.7,23.2
cairo,2020-04-17,25,15,19.6,19.6,0,25.9,326.6,1013.3,57.1
cairo,2020-04-18,27,15.9,20.5,20.4,0,31.7,4.6,1014.5,18.3
cairo,2020-04-19,27,16,21.1,20.9,0,31.7,9.4,1013.5,13.9
cairo,2020-04-20,31,15.1,21.3,21.2,0,31.7,20.2,1012.2,12.3
cairo,2020-04-21,32,17,24.6,23.8,0,20.5,52,1010.1,33.1
cairo,2020-04-22,33.8,19.9,26.8,25.8,0,40.7,235.9,1007.3,10.4
cairo,2020-04-23,29,16.9,22.5,22.2,0,29.5,321.2,1011.9,22.9
cairo,2020-04-24,34,17.9,24.1,23.5,0,55.4,274.7,1005.1,41.8
cairo,2020-04-25,23.8,16,19.4,19.4,0,27.7,282.9,1011.4,68.5
cairo,2020-04-26,25,15.9,20.4,20.4,0,27.7,307.7,1013.8,38
cairo,2020-04-27,29,18,23.6,23.3,0,24.1,76.6,1012,27.5
cairo,2020-04-28,28.8,18,22.8,22.6,0,29.5,7.1,1011.1,1.8
cairo,2020-04-29,26,16,20.2,20.2,0,24.1,346,1014.8,25.4
cairo,2020-04-30,28,15.9,21.5,21.3,0,24.1,20.6,1014.4,13.8
cairo,2020-05-01,31,19,25.3,24.7,0,29.5,333,1012.8,12.6
cairo,2020-05-02,29,17,23.4,23,0,24.1,355.2,1012.7,6.3
cairo,2020-05-03,30,18,23.6,23.2,0,24.1,352.2,1011.2,12.9
cairo,2020-05-04,32,19.9,25.7,25,0,35.3,17.6,1010,5.2
cairo,2020-05-05,25,17.9,21.2,21.2,0,38.9,287.1,1012.4,50.5
cairo,2020-05-06,27,17,21.4,21.3,0,22.3,307.5,1015.6,21.5
cairo,2020-05-07,31,17,24.3,23.7,0,24.1,1.8,1013.9,0
cairo,2020-05-08,36,19,26.8,25.8,0,40.7,310.3,1009.8,9.2
cairo,2020-05-09,27,18,22,22,0,22.3,297.4,1013.4,52.9
cairo,2020-05-10,28,16.9,22.2,22,0,25.9,339.5,1016.8,17.3
cairo,2020-05-11,30,17,23.3,22.8,0,35.3,29.1,1017.2,26.7
cairo,2020-05-12,34,18,25.5,24.7,0,33.5,34.9,1015.6,27.9
cairo,2020-05-13,34,20,26.3,25.4,0,35.3,29.9,1014.3,83.5
cairo,2020-05-14,33,19,26.1,25.3,0,27.7,24.8,1011.7,25.8
cairo,2020-05-15,34.9,19.7,26.7,26.1,0,33.5,24.2,1010,51
cairo,2020-05-16,37,22,28.9,28.6,0,24.1,21,1010,53.6
cairo,2020-05-17,39,24,31.6,30.7,0,31.7,27.1,1009.8,34.1
cairo,2020-05-18,40,25.9,32.1,31.3,0.8,31.7,22.7,1009.1,10.3
cairo,2020-05-19,42,25,33.5,32,0,35.3,30.9,1008.7,6.3
cairo,2020-05-20,43.1,30.1,36.5,34.1,0,25.9,47.1,1007.3,3.3
cairo,2020-05-21,42,30,36.3,34.1,0,25.9,6.7,1006.9,28.1
cairo,2020-05-22,33,22.8,27.3,26.9,0,25.9,340.7,1013.5,8.4
cairo,2020-05-23,29,19.9,24.1,23.9,0,31.7,323.9,1016.1,27
cairo,2020-05-24,26,18,21.8,21.8,0,27.7,315.9,1016.8,19.7
cairo,2020-05-25,29,17,23.1,22.6,0,22.3,333,1016.6,0
cairo,2020-05-26,31,18.9,24.7,24.2,0,31.7,16.6,1014.7,5.6
cairo,2020-05-27,30,19,23.7,23.5,0,31.7,347.6,1015,36.7
cairo,2020-05-28,29,18.9,23.1,22.8,0,29.5,341.7,1016.6,24.2
cairo,2020-05-29,26.1,18.1,22.2,22.2,0,35.3,16,1017.9,20.2
cairo,2020-05-30,27,17,22.1,22,0,33.5,25.8,1017.3,14.6
cairo,2020-05-31,29,17,23.1,22.7,0,29.5,28.9,1015.8,0
cairo,2020-06-01,36.9,18.9,28.6,27.3,0,35.3,70.9,1010.4,24.2
cairo,2020-06-02,31,21.8,26,25.5,0,27.7,294.2,1009.1,0.8
cairo,2020-06-03,31,20.9,26,25.4,0,33.5,25.4,1011.3,0
cairo,2020-06-04,31,20.9,25.1,24.8,0,33.5,28,1012.8,28.1
cairo,2020-06-05,30,19.8,24.2,23.9,0,29.5,22.4,1014.6,12
cairo,2020-06-06,35,19,26.4,25.8,0,24.1,33.7,1012,0.1
cairo,2020-06-07,39,23,31.3,29.9,0,31.7,15.7,1008.2,7.3
cairo,2020-06-08,33,21.8,26.7,26.4,0,27.7,347.7,1009.1,23.8
cairo,2020-06-09,32,20,26,25.6,0,24.1,8.1,1010.4,41.1
cairo,2020-06-10,36,22,29.3,28.5,0,25.9,23.2,1011.6,8.9
cairo,2020-06-11,34,24,29.1,28.2,0,24.1,328.3,1012.7,27.9
cairo,2020-06-12,36,22.1,30,28.7,0,22.3,44.2,1011.2,1.4
cairo,2020-06-13,35,26,30.5,29.5,0,24.1,313,1007.5,19
cairo,2020-06-14,32,20.9,26,25.5,0,31.7,17,1009.2,17.8
cairo,2020-06-15,32,21,26.4,25.8,0,29.5,14.5,1011.5,9.2
cairo,2020-06-16,35,21.1,28.1,27.4,0,29.5,42,1010.7,0
cairo,2020-06-17,42,24,32.5,31.3,0,33.5,358.1,1008.6,0.1
cairo,2020-06-18,31.8,22,26.1,25.9,0,24.1,300.8,1011.7,23.7
cairo,2020-06-19,32,21.9,26.4,26.1,0,25.9,299.7,1011.8,34.8
cairo,2020-06-20,33,21.8,27.3,27.1,0,25.9,305.6,1011.7,12.6
cairo,2020-06-21,40,23.8,31.6,30.2,0,27.7,217.4,1008.8,8.1
cairo,2020-06-22,35,24.9,29.8,29.2,0,22.3,319.3,1010.2,0.1
cairo,2020-06-23,35,23.1,29.2,28.4,0,35.3,25.4,1012.6,0
cairo,2020-06-24,33,22.8,27.3,26.9,0,29.5,21,1014.7,11.6
cairo,2020-06-25,31,22.1,25.9,25.9,0,27.7,357,1012.8,34.6
cairo,2020-06-26,33,22.9,27,27.1,0,27.7,355.5,1009.9,24.5
cairo,2020-06-27,36.5,22.8,28,28.1,0,24.1,339.1,1008.9,12.2
cairo,2020-06-28,35,22,28,28,0,27.7,339.6,1008.8,20.5
cairo,2020-06-29,36,22.8,28.8,28.9,0,22.3,343,1008,21
cairo,2020-06-30,34,23.1,28.4,27.8,0,22.3,323.1,1007.1,12.9
cairo,2020-07-01,34,23.1,28.5,28.3,0,24.1,338.3,1006.4,3.5
cairo,2020-07-02,36,24.8,30.4,30.3,0,22.3,4.9,1005.1,0
cairo,2020-07-03,36,24.9,30.4,30.5,0,22.3,350.9,1005.9,0
cairo,2020-07-04,35.1,25,30,30.6,0,24.1,336,1007.7,2.8
cairo,2020-07-05,35,25,30,29.9,0,25.9,320.7,1005.7,1
cairo,2020-07-06,35.1,24.9,30.6,29.9,0,25.9,339.4,1004,0
cairo,2020-07-07,36,27,31.5,31.9,0,29.5,5.2,1004.3,0
cairo,2020-07-08,34,25,29.3,29.8,0,25.9,1.8,1008.1,24.1
cairo,2020-07-09,32.8,24,28.4,29,0,20.5,338.7,1008.4,31.2
cairo,2020-07-10,34,25,29,30.2,0,24.1,348.5,1008.4,45.1
cairo,2020-07-11,35,24.1,29.5,30,0,25.9,339.9,1009.4,19.4
cairo,2020-07-12,34,24,28.2,29,0,20.5,330.9,1007.3,23.1
cairo,2020-07-13,34,23.1,28.3,28.8,0,22.3,331.8,1005.1,22.3
cairo,2020-07-14,35,23.8,29.3,29.8,0,25.9,344.9,1005.9,27.4
cairo,2020-07-15,34,24.9,28.8,29.8,0,27.7,350.4,1009.4,18.6
cairo,2020-07-16,32,23,27.3,27.4,0,22.3,335.2,1008.9,23.7
cairo,2020-07-17,33,23,27.8,27.9,0,20.5,319.4,1007.1,21.6
cairo,2020-07-18,33,23.1,28.2,28.2,0,22.3,333.6,1007.2,4.2
cairo,2020-07-19,33,23,28,28.5,0,25.9,7.5,1007.7,9.4
cairo,2020-07-20,34,24,28.8,29.8,0,25.9,358.9,1009.1,22.8
cairo,2020-07-21,34,23.8,28.4,28.6,0,24.1,331.4,1008.9,28.7
cairo,2020-07-22,34,23.8,28.5,30,0,18.4,322.2,1005.5,24.3
cairo,2020-07-23,35,25,29.6,31.6,0,20.5,327.2,1003.6,22.9
cairo,2020-07-24,36,23.9,29.9,30.4,0,25.9,341.6,1005.1,26.3
cairo,2020-07-25,35,24,28.9,29.1,0,22.3,344.7,1006.3,10.7
cairo,2020-07-26,34,23,28.6,29.1,0,25.9,0.6,1007.4,3.8
cairo,2020-07-27,34,24,28.5,29.3,0,22.3,346.2,1007.3,13
cairo,2020-07-28,34,24.8,29.1,29.8,0,25.9,341.9,1007.2,19.9
cairo,2020-07-29,36,24.8,29.8,31.3,0,18.4,345.6,1008.3,9.9
cairo,2020-07-30,36,25,30.3,32,0,18.4,350.3,1009.7,0.4
cairo,2020-07-31,37,25,30.7,32.7,0,18.4,326.4,1008.6,20.4
cairo,2020-08-01,36,26.1,30.9,31.7,0,18.4,331,1005.3,0
cairo,2020-08-02,37,25,31.3,31.3,0,20.5,295.1,1005,0
cairo,2020-08-03,37,25.8,31.1,32.3,0,22.3,301.2,1007.4,6.7
cairo,2020-08-04,36,26.9,30.7,31.9,0,22.3,352.8,1006.9,0
cairo,2020-08-05,34,24.8,29,29.3,0,25.9,321.9,1006.7,14.4
cairo,2020-08-06,37,24.9,30.1,31,0,22.3,319.1,1008.4,2.2
cairo,2020-08-07,38,25,30.9,31.3,0,27.7,324.4,1009.7,0
cairo,2020-08-08,37,26,31.1,32.8,0,20.5,331.4,1008.9,0
cairo,2020-08-09,34.8,25,29.7,30.7,0,20.5,340.4,1007.9,3.1
cairo,2020-08-10,35,26,30.2,31.3,0,24.1,345,1008.6,15
cairo,2020-08-11,34,25.9,29.6,31.1,0,20.5,336.4,1009.9,33.3
cairo,2020-08-12,35.1,25.9,29.4,30.5,0,24.1,348.9,1009.1,43.5
cairo,2020-08-13,34,24,28.7,29.4,0,24.1,350.8,1007.8,18.9
cairo,2020-08-14,36,24.8,29.9,30.5,0,24.1,335.4,1006.7,20
cairo,2020-08-15,36,25,29.9,31,0,20.5,334.4,1005.7,35.5
cairo,2020-08-16,37,24.9,30.4,31.3,0,25.9,337.7,1005.7,7.4
cairo,2020-08-17,36,24,30,30.5,0,24.1,327.6,1006.5,6.1
cairo,2020-08-18,34,24.9,28.7,29.5,0,25.9,323.6,1006.9,28
cairo,2020-08-19,33,23.9,28.2,28.6,0,24.1,337.6,1005.7,15.7
cairo,2020-08-20,34,24,28.5,29,0,24.1,337.6,1006.4,10.4
cairo,2020-08-21,35,24.9,28.9,29.2,0,27.7,318.2,1007.3,23.9
cairo,2020-08-22,34,24.8,28.6,29.3,0,25.9,318.9,1006.5,37.3
cairo,2020-08-23,35,24.9,29.4,29.6,0,24.1,359.1,1005.3,10
cairo,2020-08-24,36,24,30.1,30.2,0,22.3,20.5,1005.9,7.2
cairo,2020-08-25,35,26,30.8,31.3,0,24.1,7.7,1008,13.8
cairo,2020-08-26,35,24,29.7,29.5,0,24.1,5.8,1009.7,4
cairo,2020-08-27,33,25,28.8,29.3,0,22.3,338.5,1008.4,7.6
cairo,2020-08-28,33,24.9,28.5,29.6,0,24.1,347.9,1006.8,45.3
cairo,2020-08-29,34.1,25,29.3,30.9,0,24.1,10.9,1007.4,35.2
cairo,2020-08-30,36.1,25.1,29.9,32.1,0,24.1,354.4,1008.2,17.6
cairo,2020-08-31,36,24.9,30.2,31.3,0,24.1,337.2,1007.1,7.1
cairo,2020-09-01,37,25,30.7,31.2,0,27.7,341.8,1006.6,8
cairo,2020-09-02,36,25,30.3,31,0,25.9,350.2,1008.8,0
cairo,2020-09-03,35,25,29.4,30.9,0,25.9,3.6,1011,5.8
cairo,2020-09-04,36,26,30.2,34.2,0,24.1,355.1,1009.6,32.7
cairo,2020-09-05,36,25.9,30.4,32.6,0,25.9,349.5,1008.1,25.9
cairo,2020-09-06,35.1,24.8,29.1,30.2,0,25.9,355.4,1008.3,16.1
cairo,2020-09-07,34.4,25,29.1,30.4,0,25.9,358.9,1009.7,19.7
cairo,2020-09-08,35,25,29.2,31.1,0,25.9,353.3,1011.3,36.9
cairo,2020-09-09,34,24.9,29,30,0,24.1,347.8,1009.3,27.8
cairo,2020-09-10,36,25,29.5,30.2,0,14.8,326.9,1005.5,22.3
cairo,2020-09-11,37,25.9,31.4,32.5,0,16.6,291.7,1006.2,24.8
cairo,2020-09-12,36,26,30.8,33,0,22.3,332.9,1011,32.7
cairo,2020-09-13,36,25,29.4,30.4,0,29.5,21.5,1013.8,23
cairo,2020-09-14,34,24,28.6,28.9,0,35.3,26.2,1013.3,15.6
cairo,2020-09-15,34,23,28.4,28.6,0,33.5,22.4,1011.7,30.7
cairo,2020-09-16,34,23,28.6,29.2,0,29.5,11.6,1010.8,4
cairo,2020-09-17,35,25,29.7,30.6,0,29.5,15.5,1012.1,23.3
cairo,2020-09-18,37.1,25,30.6,30.6,0,44.6,33.4,1012.3,26.6
cairo,2020-09-19,35.1,25.9,29.6,31.4,0,35.3,26.4,1010.6,24
cairo,2020-09-20,34,25,28.9,29.7,0,33.5,12.6,1009.8,22.9
cairo,2020-09-21,35,24,29.5,29.2,0,29.5,34.8,1010.6,0
cairo,2020-09-22,33,24,28.5,29.2,0,31.7,31.6,1013.2,26.1
cairo,2020-09-23,32,24,27.4,27.8,0,29.5,353.3,1014,43.4
cairo,2020-09-24,32,23,27,27,0,24.1,346.3,1013.8,13.4
cairo,2020-09-25,34,24,28.1,28.6,0,22.3,338.2,1012.4,27.5
cairo,2020-09-26,32,24,27.6,27.5,0,25.9,17.1,1011.1,20.5
cairo,2020-09-27,35,23.8,28.5,28.3,0,35.3,36.9,1013.1,0
cairo,2020-09-28,38,24,30.1,30.6,0,31.7,32.3,1015.1,9.5
cairo,2020-09-29,37,24,29.8,30.9,0,25.9,14.4,1013.4,20
cairo,2020-09-30,37,24,29.8,30.6,0,27.7,4.8,1010.4,20.8
cairo,2020-10-01,33,24.8,28.2,28.4,0,20.5,337.8,1010.8,13.5
cairo,2020-10-02,32,23,27.2,27.2,0,25.9,17.2,1013.6,36.6
cairo,2020-10-03,31,22,26.5,26.5,0,31.7,24.1,1015.8,25
cairo,2020-10-04,32,21.8,26.3,26.2,0,27.7,14.5,1016.1,0.1
cairo,2020-10-05,32.1,21.9,26.6,26.3,0,35.3,28.7,1015.2,0.7
cairo,2020-10-06,34,21.1,27,26.7,0,33.5,32.2,1013.4,18.5
cairo,2020-10-07,36,21,28,27.8,0,27.7,38.3,1012.4,0
cairo,2020-10-08,37,22,28.9,29.2,0,24.1,31.4,1011.9,3.9
cairo,2020-10-09,35,23.9,28.5,28.7,0,25.9,356.5,1013.6,24.4
cairo,2020-10-10,32.1,24,27.3,27.7,0,27.7,5.3,1015.8,49.1
cairo,2020-10-11,30,22,25.8,25.8,0,29.5,17.8,1015.3,32.5
cairo,2020-10-12,30,20,25.2,25.1,0,37.1,32.7,1014.6,46.6
cairo,2020-10-13,31,20,25.4,25.2,0,27.7,32.2,1014.8,22.9
cairo,2020-10-14,32,20,25.7,25.8,0,31.7,33.7,1016.6,16.8
cairo,2020-10-15,32,21,26.1,26.4,0,27.7,25.3,1017.6,19.8
cairo,2020-10-16,30,22,25.4,25.3,0,27.7,17.1,1015.9,30.5
cairo,2020-10-17,30,19,24.4,24.2,0,25.9,24.6,1014.8,18.3
cairo,2020-10-18,31,19,24.6,24.5,0,29.5,32.1,1014.6,4
cairo,2020-10-19,33,21,26.4,26,0,31.7,40,1016,16.1
cairo,2020-10-20,32,22,26.7,26.7,0,27.7,32.8,1016.1,17.4
cairo,2020-10-21,31,22,25.2,25.4,0,40.7,40.9,1016.9,33.3
cairo,2020-10-22,31.8,20,25.5,25.1,0,29.5,43.2,1017.3,5.9
cairo,2020-10-23,32,21,25.9,25.5,0,20.5,282.6,1015,9.2
cairo,2020-10-24,28,21.9,24.5,24.4,0,16.6,282,1013.4,53.2
cairo,2020-10-25,28,20,24.3,24.1,0,16.6,317.7,1012.8,10.7
cairo,2020-10-26,29,21,24.9,25,0,22.3,344.1,1013.2,13.6
cairo,2020-10-27,29,21.8,24.8,24.9,0,22.3,341,1013.9,48.5
cairo,2020-10-28,29.1,21,24.6,24.7,0,29.5,16,1016.2,52.6
cairo,2020-10-29,28.1,20.9,24.4,24.6,0,25.9,21.5,1016.2,59.1
cairo,2020-10-30,29,20,24.4,24.5,0,24.1,14.6,1015.8,55.2
cairo,2020-10-31,27,21.9,24.2,24.3,0,27.7,7.6,1014.3,69.7
cairo,2020-11-01,26,21,23.2,23.2,1.3,25.9,358.7,1015.1,86.1
cairo,2020-11-02,26,19,22.4,22.4,0,18.4,330.9,1018.2,34.8
cairo,2020-11-03,26,18,22.1,22.1,0,18.4,325.7,1019.2,33.5
cairo,2020-11-04,25,18,21.9,21.9,0,24.1,251.2,1016.7,44.5
cairo,2020-11-05,25.1,20,21.9,21.9,0,24.1,275.3,1014.6,33.9
cairo,2020-11-06,25,18,21,21,0,18.4,249.5,1013.8,53
cairo,2020-11-07,25,18,20.9,20.9,0.1,16.6,234.7,1014,65.2
cairo,2020-11-08,24.1,17,20.9,20.9,0,25.9,179.4,1013.8,61.4
cairo,2020-11-09,23,18.1,20.6,20.6,0,25.9,176.1,1015.2,62.1
cairo,2020-11-10,26.1,17,21,21,0,20.5,202.8,1016.3,34.7
cairo,2020-11-11,24.1,17,20.8,20.8,0,18.4,224.4,1017.4,40
cairo,2020-11-12,25,18,21.1,21.1,0,13,343.2,1019.8,25.4
cairo,2020-11-13,25,16,20.8,20.8,0,16.6,10.1,1019.8,33.4
cairo,2020-11-14,25,18,21.3,21.3,0,25.9,322.2,1017.9,51.8
cairo,2020-11-15,23,17,19.8,19.8,0,25.9,307.5,1018.2,57.7
cairo,2020-11-16,23,16,19.3,19.3,0,20.5,302.5,1019.1,44
cairo,2020-11-17,23,15,19.5,19.5,0,25.9,356.2,1020.3,33.3
cairo,2020-11-18,25,16,20.1,20.1,0,18.4,354.1,1016.6,49.1
cairo,2020-11-19,24,17,20.2,20.2,0,18.4,303.1,1013.3,32.8
cairo,2020-11-20,21,15,17.7,17.7,0.3,29.5,208.2,1011.7,57.5
cairo,2020-11-21,21,14,17.2,17.2,0,24.1,218.1,1017,47.4
cairo,2020-11-22,22,14,18.1,18.1,0,14.8,30.6,1021.1,32.8
cairo,2020-11-23,23,14,18.9,18.9,0,24.1,48.4,1019.9,57.5
cairo,2020-11-24,24,16,19.6,19.6,0,31.7,30.1,1015.5,59.5
cairo,2020-11-25,21,15,17.2,17.2,0.9,24.1,269.5,1012.5,51.3
cairo,2020-11-26,21.1,14.8,17.3,17.3,0,24.1,227.1,1015,69.5
cairo,2020-11-27,22,15.1,18,18,0,11.2,273,1017.3,51
cairo,2020-11-28,21,14,17.4,17.4,0,13,284.2,1018.6,49.2
cairo,2020-11-29,22,13.8,17.6,17.6,0,13,63,1018.7,38.5
cairo,2020-11-30,22,13,17.7,17.7,0,14.8,167.9,1016.3,18.4
cairo,2020-12-01,21,15,17.6,17.6,0,27.7,176.3,1012.9,15.2
cairo,2020-12-02,23,14,18.1,18.1,0,16.6,157.8,1016.2,49
cairo,2020-12-03,23,13.3,18.2,18.2,0,14.8,153.4,1017.1,21.9
cairo,2020-12-04,21.1,14,18.2,18.2,0,18.4,188.8,1015.8,30.1
cairo,2020-12-05,23,15,18.4,18.4,0,25.9,261.1,1015.7,49.6
cairo,2020-12-06,23,13,17.7,17.7,0,18.4,150.4,1017.2,24.4
cairo,2020-12-07,27.1,15,20.6,20.6,0.1,40.7,173.9,1015.2,49.7
cairo,2020-12-08,23,15,18.7,18.7,0,13,276.1,1019.5,43.2
cairo,2020-12-09,23.4,14,17.9,17.9,0,14.8,56,1021.4,16.7
cairo,2020-12-10,23,11,17.1,17.1,0,16.6,74.1,1019.2,29.6
cairo,2020-12-11,25,14,19.5,19.5,0,29.5,184.8,1015.8,27.1
cairo,2020-12-12,22,15,18.2,18.2,0,16.6,194.6,1014.3,49.6
cairo,2020-12-13,27,16,21.6,21.5,0,31.7,175.6,1010.7,49.2
cairo,2020-12-14,24,16.8,19.9,19.9,0,38.9,212.7,1008.9,40.1
cairo,2020-12-15,20.1,14,17,17,0.2,40.7,211.1,1011.7,47.5
cairo,2020-12-16,19,15.6,16.8,16.8,0.9,22.3,224.1,1017,63.4
cairo,2020-12-17,21,15,17.9,17.9,0,9.4,260.3,1020.5,34.9
cairo,2020-12-18,22.1,13,17.1,17.1,0,17.5,21.4,1021.5,24.4
cairo,2020-12-19,21,12,16.1,16.1,0,25.9,34.1,1021.9,16
cairo,2020-12-20,21,11.9,16,16,0,27.7,35,1021.1,33.5
cairo,2020-12-21,21,12,16.2,16.2,0,24.1,38.1,1020,20
cairo,2020-12-22,22,13,16.6,16.6,0,20.5,22.9,1019.9,44.8
cairo,2020-12-23,19.1,13,15.6,15.6,0,18.4,345,1020.5,52.5
cairo,2020-12-24,20,11.8,15.6,15.6,0,18.4,342.7,1020.5,52.3
cairo,2020-12-25,20,10,15,15,0,25.9,36.4,1020,26.5
cairo,2020-12-26,21.8,10,15.4,15.3,0,33.5,29.4,1017.6,0
cairo,2020-12-27,22,11,16,16,0,11.2,352.7,1016.3,1.9
cairo,2020-12-28,20,11,15.9,15.9,0,16.6,218,1017.4,13.2
cairo,2020-12-29,20,11,15.2,15.2,0,16.6,28.8,1019,14.6
cairo,2020-12-30,20.1,10,14.7,14.7,0,24.1,23.7,1017.6,25.8
cairo,2020-12-31,21,11,15.8,15.8,0,13,6.2,1016.6,12.8
cairo,2021-01-01,21,13,16.8,16.8,0,16.6,8,1017.4,32.4
cairo,2021-01-02,21.1,13.9,17.1,17.1,0,16.6,35.3,1018.3,56.8
cairo,2021-01-03,21,13,16.6,16.6,0,16.6,13.6,1018.1,19.9
cairo,2021-01-04,22,14,17.6,17.6,0,13,24.4,1016.9,23
cairo,2021-01-05,23.9,16,18.7,18.7,0,35.3,5.4,1017.6,24.8
cairo,2021-01-06,24.1,17,19.6,19.6,0,16.6,40.4,1019.8,24.7
cairo,2021-01-07,25,15,18.9,18.9,0,14.8,45.6,1018.9,29.7
cairo,2021-01-08,23,12.1,17.4,17.4,0,14.8,21.6,1017.7,18.3
cairo,2021-01-09,21,13.3,16.6,16.6,0,13,9.8,1018.4,52.1
cairo,2021-01-10,23,14,17.8,17.8,0,16.6,21.8,1021,31.9
cairo,2021-01-11,26.1,14,19.5,19.5,0,25.9,53.8,1021.3,20.4
cairo,2021-01-12,28,15,21.6,21.3,0,20.5,171.4,1018.5,36.4
cairo,2021-01-13,24,17.8,21.2,21.2,0,46.4,205.8,1012.6,73.8
cairo,2021-01-14,20,14.9,17,17,0,33.5,242.8,1013.5,49.4
cairo,2021-01-15,20,13.9,16.8,16.8,0,22.3,220.2,1016.5,38.2
cairo,2021-01-16,21,13,16.8,16.8,0,29.5,207.7,1013.8,43.7
cairo,2021-01-17,20,13,16.2,16.2,0,38.9,229.6,1014.6,58.5
cairo,2021-01-18,19,12,15.1,15.1,0,29.5,236.6,1019.9,48.6
cairo,2021-01-19,19,12,14.7,14.7,0,38.9,239.5,1019.8,47.3
cairo,2021-01-20,17,11,13.5,13.5,0.1,29.5,297.7,1025.4,60.6
cairo,2021-01-21,18,9,13.4,13.4,0,25.9,22.2,1029.1,19.5
cairo,2021-01-22,19,9,13.8,13.5,0,37.1,25.7,1024.2,22.5
cairo,2021-01-23,19,8,14,14,0,16.6,1.4,1019.4,13.1
cairo,2021-01-24,19,10,14.9,14.9,0,18.4,357.4,1019.9,27.7
cairo,2021-01-25,20,11,15.3,15.3,0,18.4,32.4,1020.7,36.8
cairo,2021-01-26,22,10,16.1,16.1,0,25.9,55.7,1018.8,55
cairo,2021-01-27,24.2,12,17.4,17.4,0,29.5,204.1,1013.2,29.2
cairo,2021-01-28,18,12,15.4,15.4,0,25.9,241.9,1017.1,57.5
cairo,2021-01-29,17,12.9,14.4,14.4,1.4,37.1,234.9,1019.1,68.2
cairo,2021-01-30,20,11.9,15.7,15.7,0,37.1,185.6,1019.9,8.8
cairo,2021-01-31,24,14.9,18.8,18.8,0,35.3,180.4,1017.3,0
cairo,2021-02-01,27,13,20.1,20.1,0,24.1,82.1,1016,0
cairo,2021-02-02,28,13,20.3,20.1,0,18.4,216.1,1014,13.8
cairo,2021-02-03,27,15,21.2,21.1,0,20.5,171.4,1011.6,25.3
cairo,2021-02-04,21,15,17.6,17.6,5.9,33.5,292.1,1013.2,53.2
cairo,2021-02-05,21,14,16.8,16.8,0,26.8,311.9,1019.2,49.6
cairo,2021-02-06,22,12,16.7,16.7,0,11.2,345.9,1021.5,21.8
cairo,2021-02-07,23,12,17.6,17.6,0,20.5,59,1021.2,5.8
cairo,2021-02-08,28,13,21.1,20.8,0,22.3,203.3,1020.3,44.3
cairo,2021-02-09,30,17,22.6,22.2,0,16.6,146.8,1020,27
cairo,2021-02-10,23,12,17.5,17.5,0,25.9,16.4,1020.3,35.4
cairo,2021-02-11,24,11,17.1,17.1,0,27.7,44.6,1018.3,1.6
cairo,2021-02-12,23,12,16.8,16.8,0,25.9,17.9,1016.8,11.1
cairo,2021-02-13,23,13,16.9,16.9,0,25.9,31.3,1018.5,14
cairo,2021-02-14,22,10,15.6,15.5,0,20.5,19.6,1016.8,10.4
cairo,2021-02-15,21.9,12,15.7,15.7,0,14.8,15.9,1014.5,20.3
cairo,2021-02-16,16,9.8,12.6,12,0.4,44.6,275.8,1010.8,55.2
cairo,2021-02-17,13,7.1,9.9,7.2,0.3,44.6,260.8,1015.9,67
cairo,2021-02-18,17,9,12.1,11.1,0.2,25.9,249.6,1021.7,61.6
cairo,2021-02-19,16,10,12.9,12.8,0.2,24.1,211,1023.4,72.3
cairo,2021-02-20,18,8,12.9,12.9,0,22.3,1.4,1024.7,47
cairo,2021-02-21,19,7,12.8,12.8,0,22.3,23.6,1023.2,29.6
cairo,2021-02-22,20,8.8,14.4,14.2,0,24.1,30.8,1021.5,43.4
cairo,2021-02-23,19,11,13.8,13.8,2.3,29.5,314.2,1020.5,65.6
cairo,2021-02-24,21,12,16,16,0.2,24.1,328.4,1022.7,55.2
cairo,2021-02-25,24.1,13,16.9,16.9,0.1,22.3,314.1,1021.9,61.9
cairo,2021-02-26,22,12,16.5,16.5,0,27.7,4,1019.6,30.6
cairo,2021-02-27,23,12,16.7,16.7,0.7,31.7,14,1017,38.9
cairo,2021-02-28,22,13,17,17,0,16.6,325.2,1018.8,45.8
cairo,2021-03-01,22,13,16.7,16.7,0,20.5,294.2,1019.9,48.8
cairo,2021-03-02,20.8,12,15.2,15.2,0,24.1,308.1,1021.7,46.6
cairo,2021-03-03,17,11,13.8,13.8,0.1,31.7,282.8,1020.4,48.1
cairo,2021-03-04,20,9,14.5,14.2,0,22.3,295.3,1020.6,52.4
cairo,2021-03-05,22.8,9.8,16.2,16.2,0,24.1,7.7,1023.5,22.4
cairo,2021-03-06,23.1,10,16.8,16.8,0,31.7,37.4,1021.7,0
cairo,2021-03-07,23,14,17.7,17.7,0,22.3,31.1,1018.6,32.4
cairo,2021-03-08,23,12.8,17.8,17.8,0,22.3,38.9,1017,0
cairo,2021-03-09,30,14,21.9,21.5,0,29.5,78.2,1013.7,3.9
cairo,2021-03-10,34,21,26.8,25.8,0,37.1,182.2,1010.2,25.1
cairo,2021-03-11,25,16,20,20,0,27.7,300.2,1013.1,25.2
cairo,2021-03-12,20.1,13.8,16.5,16.5,0,33.5,304.5,1017.2,40.6
cairo,2021-03-13,20,12.9,15.7,15.7,0,35.3,4,1018.3,35.7
cairo,2021-03-14,23,11,16.3,16.3,0,27.7,32.5,1014.8,48
cairo,2021-03-15,23,14.8,18.4,18.4,0.1,25.9,24.6,1010.4,47.5
cairo,2021-03-16,23,13,18.1,18.1,0,25.9,356.8,1013.3,17.1
cairo,2021-03-17,25,14,19.2,19.2,0,27.7,303.1,1014,6.3
cairo,2021-03-18,23,14,18.2,18.2,0,22.3,9.3,1017,17.8
cairo,2021-03-19,24,12,17.7,17.7,0,25.9,39.1,1017.3,8.2
cairo,2021-03-20,32,14,22.2,21.7,0,24.1,51.1,1012,22.4
cairo,2021-03-21,31.1,16,25,24.5,0,20.5,70.7,1008.8,12.9
cairo,2021-03-22,35,28,31.2,29.4,0,50,86.1,1006.8,26.3
cairo,2021-03-23,32.8,16.9,25.1,24.5,0,38.9,258.1,1004.4,33.1
cairo,2021-03-24,21,14,17.6,17.6,0,42.7,254.1,1011.5,20.2
cairo,2021-03-25,21,11,16,16,0,24.1,268.9,1015.7,34.8
cairo,2021-03-26,17,12,14.6,14.6,0.5,29.5,317.9,1020.8,71.5
cairo,2021-03-27,19,10,14.2,14.2,0,33.5,347,1025.9,57.2
cairo,2021-03-28,18,10,14.7,14.6,0,29.5,359.3,1026.5,43.5
cairo,2021-03-29,20.1,10,15.4,15.3,0,31.7,8.5,1022.6,40.4
cairo,2021-03-30,20,12,16,16,0,33.5,335.3,1017.1,62.9
cairo,2021-03-31,20.8,13.9,16.3,16.3,0,24.1,295.6,1015.7,63.7
cairo,2021-04-01,21,11,16.5,16.5,0.1,29.5,252.2,1016.3,75.5
cairo,2021-04-02,22,12.8,16.6,16.6,0,24.1,273.4,1019.9,40.8
cairo,2021-04-03,23,10,17.1,17,0,16.6,11.3,1021.1,0
cairo,2021-04-04,26,14,20.2,20.2,0,27.7,41.4,1020.7,0
cairo,2021-04-05,32,12,21.7,21.2,0,31.7,44.5,1016.5,11.1
cairo,2021-04-06,34,13.8,23.9,23.1,0,20.5,4.4,1011,8.2
cairo,2021-04-07,33,19.9,26.1,25.3,0,25.9,327.6,1012.6,2.9
cairo,2021-04-08,26,16,20.1,20.1,0,27.7,356.4,1015.8,17.6
cairo,2021-04-09,24,13.1,17.7,17.7,0,31.7,330.9,1016.7,36.4
cairo,2021-04-10,20,12,15,15,0,31.7,302,1018.2,53
cairo,2021-04-11,21,11.9,15.8,15.8,0,24.1,300.7,1019.9,47
cairo,2021-04-12,22,12,16.2,16.2,0,31.7,347,1020,19
cairo,2021-04-13,23,10.8,16.9,16.9,0,33.5,34.6,1019.5,23.6
cairo,2021-04-14,26,12.8,19.1,19.1,0,33.5,37.8,1017.9,15.3
cairo,2021-04-15,29,13,20.8,20.5,0,27.7,37.1,1015.8,24.2
cairo,2021-04-16,33,16,24.4,23.6,0,27.7,39.9,1013.9,21.7
cairo,2021-04-17,35,15.9,26.1,25.1,0,31.7,39,1013.9,1.7
cairo,2021-04-18,41,23,32,30.4,0,33.5,94.4,1012.6,24.8
cairo,2021-04-19,41,26,34.7,32.6,0,31.7,190.7,1010,52.1
cairo,2021-04-20,29.1,18.1,23.8,23.6,0,31.7,354.9,1013.1,11.4
cairo,2021-04-21,27,16,20.4,20.3,0,37.1,19.7,1017.1,35.2
cairo,2021-04-22,28,15.9,20.9,20.8,0,33.5,24.7,1018.6,18.5
cairo,2021-04-23,29,15.1,21.7,21.4,0,37.1,31.1,1016.2,32.5
cairo,2021-04-24,31,16.9,23.2,22.8,0,27.7,30.9,1011.9,30.4
cairo,2021-04-25,36,17,26.4,25.4,0,37.1,223.1,1007.1,0.3
cairo,2021-04-26,26.8,17.8,21,21,0,27.7,304.3,1012.1,46.3
cairo,2021-04-27,28,16,21,20.9,0,29.5,349.5,1014.9,18.6
cairo,2021-04-28,32.5,15,23.3,22.7,0,37.1,37.2,1015.2,1.9
cairo,2021-04-29,36,17.9,26.6,25.7,0,33.5,35.3,1015.2,1.2
cairo,2021-04-30,38,20.9,28.3,27.4,0,33.5,36.3,1014.9,0
cairo,2021-05-01,37,21,29,27.7,0,27.7,32.8,1015.3,10.8
cairo,2021-05-02,36,21,28.3,27.2,0,25.9,5.1,1014,7.5
cairo,2021-05-03,38,20.9,29.9,28.7,0,22.3,4.5,1013.6,28.2
cairo,2021-05-04,41,23,32.7,31,0,20.5,344.7,1011.7,22.9
cairo,2021-05-05,40,27,33.2,31.7,0,29.5,341,1011.1,24.3
cairo,2021-05-06,41,21.8,30.8,29.5,0,24.1,25.5,1013.5,7.5
cairo,2021-05-07,38,23,31,29.8,0,31.7,20.5,1013.8,1.3
cairo,2021-05-08,44,23,34.6,32.3,0,24.1,63.6,1011.8,0.5
cairo,2021-05-09,39,26.8,33.4,32.7,0,25.9,305,1009.5,46.9
cairo,2021-05-10,34.9,21.8,27.4,27.1,0,27.7,346.5,1010.2,17.6
cairo,2021-05-11,31,19.8,24.6,24.5,0,22.3,318.5,1010,18.2
cairo,2021-05-12,31,18.8,24.4,24.1,0,27.7,342.5,1010.4,2
cairo,2021-05-13,32,17.1,24.3,23.8,0,31.7,15.4,1012.3,0
cairo,2021-05-14,33,18.8,25.5,24.9,0,27.7,28.3,1014.1,0
cairo,2021-05-15,33,18.9,26.4,25.8,0,24.1,26.2,1012.1,0.2
cairo,2021-05-16,40,21.8,29.7,28.4,0,27.7,9.3,1007.5,5.9
cairo,2021-05-17,32,21,25.7,25.3,0,25.9,340.5,1011.7,26.4
cairo,2021-05-18,32.8,19.8,25.6,25.3,0,35.3,19.1,1013.3,6.5
cairo,2021-05-19,33,19,25.7,25.2,0,31.7,27.6,1012.5,6.3
cairo,2021-05-20,35,19.9,26.9,26.3,0,29.5,7.3,1011.2,6.1
cairo,2021-05-21,34,19,26.1,25.8,0,25.9,347.3,1012.1,0
cairo,2021-05-22,29,19.8,23.3,23.2,0,25.9,337.8,1014.5,16.8
cairo,2021-05-23,30,19,23.4,23.2,0,31.7,337.7,1013.5,22.7
cairo,2021-05-24,33,19,25.4,24.9,0,27.7,359.1,1013.3,16.3
cairo,2021-05-25,34,18.6,26.4,25.9,0,33.5,28.7,1012.6,0
cairo,2021-05-26,36,19.8,28,27.3,0,27.7,9.8,1010.7,1.7
cairo,2021-05-27,36,22,28.5,28,0,24.1,343.7,1010.8,0
cairo,2021-05-28,34,22.8,27.9,27.3,0,25.9,291.8,1011.8,0
cairo,2021-05-29,32,21,26.6,26.3,0,27.7,322,1012.8,3.2
cairo,2021-05-30,36,21.8,29.3,27.9,0,24.1,59.8,1012.1,1.3
cairo,2021-05-31,38,25,32.6,31.3,0,29.5,286.8,1009.9,0
cairo,2021-06-01,34,21.8,27.1,26.6,0,29.5,8,1011.7,0
cairo,2021-06-02,31,21,25.5,25.2,0,31.7,359.6,1014.9,5
cairo,2021-06-03,31,19.8,24.4,24,0,27.7,357.7,1016.3,20.8
cairo,2021-06-04,30,19,24.1,23.9,0,27.7,339.8,1016.2,30.2
cairo,2021-06-05,30,19.8,24.7,24.4,0,27.7,347,1014.2,17.4
cairo,2021-06-06,31,20,25,24.6,0,25.9,333.1,1014.3,10.7
cairo,2021-06-07,32,19.8,25.1,24.8,0,27.7,351.5,1014.7,10
cairo,2021-06-08,33,20,26.6,25.8,0,25.9,18.8,1013.9,14.6
cairo,2021-06-09,38,22,31.4,30.4,0,20.5,20.9,1011.4,2.9
cairo,2021-06-10,37,23,29.6,29.2,0,25.9,338.9,1010.9,7.2
cairo,2021-06-11,35,22.8,28.3,27.8,0,33.5,25.7,1011.8,12.7
cairo,2021-06-12,34.8,22,28,27.8,0,38.9,26.8,1011,2.7
cairo,2021-06-13,33,22,27.2,26.8,0,31.7,7.4,1011.3,6
cairo,2021-06-14,32,21,26,25.8,0,25.9,338.9,1012.1,13.8
cairo,2021-06-15,32,21.2,26.7,26.5,0,24.1,350.4,1012.1,5.1
cairo,2021-06-16,33,21,26.5,26.2,0,27.7,331.6,1013.5,14
cairo,2021-06-17,31,20,24.9,24.7,0,31.7,6.8,1016.1,0
cairo,2021-06-18,32,21.2,26.4,26.2,0,27.7,5.3,1014.1,18.5
cairo,2021-06-19,33,20,26.8,26.3,0,33.5,352.9,1012.4,0
cairo,2021-06-20,34,22,28.3,27.6,0,27.7,24.8,1010.5,0
cairo,2021-06-21,36,22.8,29.5,29.1,0,29.5,13.9,1011.4,0
cairo,2021-06-22,34,23,28.6,28.4,0,25.9,357.9,1012.6,0
cairo,2021-06-23,33.8,22.8,28.2,28.4,0,25.9,7,1012.7,0
cairo,2021-06-24,36,24,29.4,29.7,0,25.9,342,1011.3,0
cairo,2021-06-25,36,24,29.4,29.7,0,25.9,296.9,1008.9,4.1
cairo,2021-06-26,35,23,29.3,29.6,0,24.1,348.5,1007.6,26.2
cairo,2021-06-27,37,25,31.4,32.4,0,24.1,338.5,1007.2,3.5
cairo,2021-06-28,37.2,25.8,31.6,32.9,0,22.3,350.6,1008.8,0
cairo,2021-06-29,38,24,30.6,31.8,0,27.7,329.4,1008.4,12.1
cairo,2021-06-30,38,24,31,31.6,0,25.9,333.5,1008.8,11.3
cairo,2021-07-01,38,25,31.7,32.4,0,24.1,326.7,1010.1,0
cairo,2021-07-02,39,26,33.2,33.1,0,20.5,303.5,1010.1,0
cairo,2021-07-03,39,27,32.6,32.4,0,27.7,291.6,1008.1,0
cairo,2021-07-04,35,23.8,28.8,29.1,0,25.9,322.4,1008.8,27.3
cairo,2021-07-05,34,23.8,28.3,28.2,0,24.1,321.8,1008.5,6
cairo,2021-07-06,34,24,29.2,29.2,0,22.3,342.5,1007.4,0
cairo,2021-07-07,36,24.2,30,30.1,0,27.7,0.4,1007.8,0
cairo,2021-07-08,35,24,29.8,30.8,0,24.1,350.6,1009.1,10.8
cairo,2021-07-09,36.8,25.8,30.7,31.3,0,24.1,344.5,1008,0
cairo,2021-07-10,35,24.8,29.3,30.7,0,20.5,317.2,1005.6,17.1
cairo,2021-07-11,36,24,29.6,30.4,0,24.1,329.7,1006.2,20.6
cairo,2021-07-12,36.2,24,29.7,30.8,0,25.9,345.2,1008.3,12.6
cairo,2021-07-13,36,24,29.2,29.7,0,27.7,340.2,1008.6,0.2
cairo,2021-07-14,35,24,29.7,30.7,0,20.5,352.4,1007.1,13.9
cairo,2021-07-15,37,25,31.4,33.2,0,16.6,345.5,1005.2,2.1
cairo,2021-07-16,39,26,32.2,34.9,0,18.5,340,1005.6,4.2
cairo,2021-07-17,38,27,32.4,35.1,0,22.3,4.7,1005,0
cairo,2021-07-18,37.6,26,32.1,34.1,0,22.3,6.6,1004.7,2.6
cairo,2021-07-19,38,26.8,32.7,34.3,0,27.7,38.8,1007.9,0
cairo,2021-07-20,39,29,33.6,34,0,31.7,49.2,1008.9,0
cairo,2021-07-21,37,28,32.5,33.6,0,24.1,17.3,1009.2,2.5
cairo,2021-07-22,34,26,30.4,32.9,0,18.5,330.3,1008,28.6
cairo,2021-07-23,35.8,27.8,30.8,32.8,0,24.1,291.8,1006.4,13.9
cairo,2021-07-24,35,26,29.6,30.7,0,20.5,311.7,1006.6,27
cairo,2021-07-25,33.8,25.8,29.2,30.9,0,22.3,332.6,1007.3,50.6
cairo,2021-07-26,35,25.8,29.8,31.7,0,20.5,357.5,1009.8,30
cairo,2021-07-27,35,26,30.4,31.9,0,24.1,7.9,1009.9,6
cairo,2021-07-28,37,25.8,30.8,32.4,0,22.3,346.6,1007.9,12.4
cairo,2021-07-29,38,26,31.7,32.9,0,18.7,313.9,1006.6,0
cairo,2021-07-30,37,26,31.9,34.3,0,14.8,318.2,1004.9,8.1
cairo,2021-07-31,39,26,32.7,36.2,0,14.8,339.4,1004.3,3.6
cairo,2021-08-01,39,27,32.9,36.4,0,16.6,344.9,1005.2,13.9
cairo,2021-08-02,40,27,33.9,37,0,16.6,351.8,1004.9,0.1
cairo,2021-08-03,40,28,34.2,37.1,0,18.4,6.7,1006.1,0
cairo,2021-08-04,42,30,35.4,36.7,0,27.7,22,1007.9,0.1
cairo,2021-08-05,43,30,35.7,36,0,22.3,13.3,1006.9,0
cairo,2021-08-06,41,29,35.3,37.2,0,18.4,337.3,1005.2,1.7
cairo,2021-08-07,41,29.8,34.4,37.8,0,27.7,289.3,1005.9,0
cairo,2021-08-08,37,27,31.6,34.3,0,24.1,315.2,1009.4,7.9
cairo,2021-08-09,36,26,30.9,33.5,0,24.1,354.2,1010.8,14.1
cairo,2021-08-10,36,26,31.5,34.2,0,20.5,348.6,1008.8,18.8
cairo,2021-08-11,37.1,26.9,32,34.6,0,22.3,348.6,1007.1,5.8
cairo,2021-08-12,38,27.5,32.6,35.3,0,16.6,349.1,1008.6,14
cairo,2021-08-13,38,28,32.6,36.3,0,22.3,333,1010.1,0
cairo,2021-08-14,36,25,31,33.3,0,113.2,357.2,1009.5,3.9
cairo,2021-08-15,37,27,31.8,33.8,0,20.5,347.5,1009.3,4.2
cairo,2021-08-16,36.8,26,30.9,32.8,0,18.5,341.1,1010.8,10
cairo,2021-08-17,35,26,29.8,31.5,0,22.3,358.9,1010.7,7.2
cairo,2021-08-18,34,26,29.6,30.6,0,20.5,349.9,1008.3,25.7
cairo,2021-08-19,36,25.8,30.3,31.5,0,22.3,344.8,1006.5,10.2
cairo,2021-08-20,37,26,30.9,32.7,0,18.7,0.3,1006.8,13.2
cairo,2021-08-21,37,26,31,34.4,0,22.3,350.7,1008,27.6
cairo,2021-08-22,37,26,31,32.9,0,25.9,343.8,1009.1,18.8
cairo,2021-08-23,35,25.8,29.9,31.2,0,18.5,340.3,1008.6,16.3
cairo,2021-08-24,34,26,30,31.8,0,20.5,343.2,1009.1,12.7
cairo,2021-08-25,35,26,30.4,32.6,0,24.1,354.2,1010,46.3
cairo,2021-08-26,36,26,30.5,33.2,0,24.1,359.7,1009.8,15.6
cairo,2021-08-27,37,27,31.1,33.3,0,29.5,6.3,1010.2,20.8
cairo,2021-08-28,37,26,31.2,33.2,0,20.5,359.8,1009.8,0.2
cairo,2021-08-29,37,26,31.6,34.4,0,18.4,8.2,1008.6,10.3
cairo,2021-08-30,35,26.8,30.7,33.8,0,22.3,355.7,1009.9,12.1
cairo,2021-08-31,35,25.9,30,31.8,0,24.1,15.8,1011.1,2.8
cairo,2021-09-01,34,24,28.9,29.7,0,29.5,13.4,1010.2,28.6
cairo,2021-09-02,34,24,28.2,28.6,0,27.7,358,1009.7,20
cairo,2021-09-03,34,24.8,28.6,29.5,0,22.3,353.7,1008.7,16
cairo,2021-09-04,34,23.8,28.4,29.2,0,20.5,2,1009.1,11.3
cairo,2021-09-05,33.2,23.8,28,28.7,0,24.1,340.1,1010.6,30.4
cairo,2021-09-06,33,24,27.8,27.9,0,24.1,335.9,1011.8,8.3
cairo,2021-09-07,34,23.8,28.5,28.9,0,24.1,34.3,1013.2,0
cairo,2021-09-08,38,24,31.5,31.5,0,20.5,55.9,1012.2,1.7
cairo,2021-09-09,35,26,30.7,32.1,0,25.9,303.6,1011.9,20.1
cairo,2021-09-10,31.2,24,27.5,27.8,0,24.1,0.3,1014.7,44
cairo,2021-09-11,31.3,23.8,26.7,26.7,0,27.7,349.9,1013.9,18.4
cairo,2021-09-12,33,23,27.5,27.5,0,14.8,356.8,1011.6,2.6
cairo,2021-09-13,37.2,27,31.1,31.4,0,31.7,218.1,1008.9,0.1
cairo,2021-09-14,36,24,30.1,30.6,0,25.9,8.4,1010.3,17.5
cairo,2021-09-15,32,25,27.9,28,0,20.5,309.5,1012.6,24.4
cairo,2021-09-16,31,24,26.7,26.9,0,29.5,319.4,1013,29
cairo,2021-09-17,31,22.8,27.3,27.3,0,27.7,351.8,1011.4,29.7
cairo,2021-09-18,32,22,26.8,26.7,0,31.7,18.6,1012.3,10.9
cairo,2021-09-19,34,21,27.8,27.5,0,29.5,34.2,1013.8,6
cairo,2021-09-20,36,24,29.2,29.7,0,27.7,25.7,1014.1,0
cairo,2021-09-21,36,24,29.4,29.6,0,24.1,9.7,1013.6,19.6
cairo,2021-09-22,34.2,23,28.3,28.3,0,25.9,334.8,1011.3,12
cairo,2021-09-23,33,24,28.1,28.3,0,27.7,293.1,1011,0
cairo,2021-09-24,28,22.8,25.2,25.1,0,25.9,312,1012.9,35.9
cairo,2021-09-25,29.2,20,24.5,24.4,0,33.5,19,1015.2,20.1
cairo,2021-09-26,30,20,25.1,25.2,0,25.9,12.7,1014.6,23.7
cairo,2021-09-27,29,21,25.1,25.1,0,22.3,315.2,1013.5,32.2
cairo,2021-09-28,31,21.1,25.8,25.8,0,18.4,319.9,1013,32.5
cairo,2021-09-29,31,23,26.1,26.1,0,25.9,335.6,1012.7,6.7
cairo,2021-09-30,31.3,22.8,26.2,26.3,0,25.9,342.1,1011.9,30.7
cairo,2021-10-01,30,22,25,25,0,25.9,345.1,1011.8,32.8
cairo,2021-10-02,29,21,24.7,24.7,0,22.3,313.7,1012.3,41.6
cairo,2021-10-03,28,21.8,24.2,24.2,0,24.1,333.5,1014.6,46.3
cairo,2021-10-04,28.1,20,23.8,23.8,0,27.7,348.6,1015.4,21.8
cairo,2021-10-05,28,20,23.6,23.5,0,27.7,351,1014.4,25.5
cairo,2021-10-06,28,20,23.8,23.8,0,25.9,356.3,1013.6,15.4
cairo,2021-10-07,29,18,23.8,23.8,0,31.7,24.8,1013.1,7.9
cairo,2021-10-08,29,19,24.1,24.1,0,31.7,23.6,1013.9,6.6
cairo,2021-10-09,30,19,24.2,24.3,0,33.5,22.7,1015.1,4.4
cairo,2021-10-10,31,19,24.5,24.4,0,35.3,31.6,1015.2,11.9
cairo,2021-10-11,31.8,20,25.3,25.2,0,35.3,33.8,1012.8,22.4
cairo,2021-10-12,33,22,26.4,26.2,0,35.3,21,1009.9,52.3
cairo,2021-10-13,33,22,26.6,26.2,0,25.9,41.8,1012.9,28.1
cairo,2021-10-14,32,22,26.4,26.1,0,25.9,50.8,1014.8,13.9
cairo,2021-10-15,32.1,22,26.7,26.2,0,20.5,57.3,1014.9,9.2
cairo,2021-10-16,33,24,28.2,27.5,0,18.4,9,1015.9,70.2
cairo,2021-10-17,30,23,26.2,25.8,0,20.5,4.4,1017.4,31.7
cairo,2021-10-18,27,21,24.1,24,0,22.3,5.2,1017.9,49.6
cairo,2021-10-19,27,20.9,23.6,23.6,0,22.3,350.7,1020,40.7
cairo,2021-10-20,27,20,22.8,22.8,0,18.4,345.8,1021.3,43.8
cairo,2021-10-21,26.8,19,22.7,22.6,0,24.1,334.8,1020.8,24.7
cairo,2021-10-22,27,19,22.8,22.8,0,25.9,5.1,1019.7,26.9
cairo,2021-10-23,26.8,19,22.6,22.6,0,24.1,350.1,1020.1,38.6
cairo,2021-10-24,26,18,22.2,22.2,0,25.9,8.3,1018.7,23
cairo,2021-10-25,27,19,22.8,22.8,0,27.7,6.1,1016.1,17.8
cairo,2021-10-26,27,18.8,22.8,22.8,0,27.7,37,1015.8,0
cairo,2021-10-27,31,19,24.4,24,0,27.7,49.6,1015.4,5.1
cairo,2021-10-28,32,20,26.1,25.6,0,29.5,47.4,1012.4,41.9
cairo,2021-10-29,28,20.9,24.2,24.4,0,20.5,304.7,1012.5,35.5
cairo,2021-10-30,28.8,22,24.7,24.8,0,27.7,20.7,1015.4,67
cairo,2021-10-31,33,22,26.2,25.8,0,33.5,344.8,1014.7,53.9
cairo,2021-11-01,30,22,25.2,24.9,0,31.7,253.9,1014.8,5.2
cairo,2021-11-02,27.1,20.5,23.9,23.9,0,16.6,347.5,1017.3,4
cairo,2021-11-03,29,20,24.4,24.2,0,25.9,40.9,1018.7,0
cairo,2021-11-04,27.1,20,23.1,23.1,0,33.5,35.8,1018.8,11.7
cairo,2021-11-05,27,20,23.1,23.2,0,31.7,28.7,1016.6,65.8
cairo,2021-11-06,28,19,23.2,23.3,0,29.5,30.7,1014.7,25.6
cairo,2021-11-07,29,19.9,23.5,23.5,0,22.3,25.4,1013.5,34.4
cairo,2021-11-08,29,19.8,23.6,23.7,0,18.4,36.6,1013.8,24.1
cairo,2021-11-09,29,17,23.4,23.3,0,18.4,31.5,1016.4,6.3
cairo,2021-11-10,27,19,22.4,22.4,0,20.5,11.1,1017,50.2
cairo,2021-11-11,25,19,21.6,21.6,0,24.1,38.7,1014.4,47.8
cairo,2021-11-12,25,17,21.3,21.3,0,27.7,33.4,1013.3,50.1
cairo,2021-11-13,27,17,22.3,22.3,0,14.8,348.6,1014.3,34.8
cairo,2021-11-14,27,19,22.9,22.9,0,13,339.3,1014.7,11.9
cairo,2021-11-15,25,19.8,22.2,22.2,0,13,320.6,1014.8,40.8
cairo,2021-11-16,24,19,21.7,21.7,0,11.2,342,1015.5,35.4
cairo,2021-11-17,25,18,21.7,21.7,0,11.2,318.7,1016.5,45.6
cairo,2021-11-18,24,18,21,21,0,16.6,329.2,1019.1,43.9
cairo,2021-11-19,23,17,19.9,19.9,0,22.3,311.2,1017.3,40.4
cairo,2021-11-20,23,15,18.5,18.5,1,29.5,228.9,1011.1,76.3
cairo,2021-11-21,20,15,17.3,17.3,0,22.3,217,1012.5,58.5
cairo,2021-11-22,22,15.8,19.2,19.2,0,18.7,211.4,1019,13.9
cairo,2021-11-23,24,16,20,20,0,11.2,32.3,1020.9,18.3
cairo,2021-11-24,24,16,20,20,0,14.8,56.2,1016.9,17.9
cairo,2021-11-25,25,17,20.6,20.6,0,14.8,38,1015.8,20.6
cairo,2021-11-26,25,16,20.2,20.2,0,13,64.5,1018.9,0
cairo,2021-11-27,28,15,21.4,21.2,0,11.2,56,1018.1,8.4
cairo,2021-11-28,30,18,23.4,23,0,13,267.4,1018,2.3
cairo,2021-11-29,32,18,24.1,23.7,0,14.8,6.7,1016.7,10.1
cairo,2021-11-30,29,20,23.5,23.3,0,22.3,275,1015.8,12.2
cairo,2021-12-01,22,17.8,19.6,19.6,0,22.3,292.5,1018.1,61.1
cairo,2021-12-02,21,15,18.2,18.2,0,18.5,13,1019.4,55.5
cairo,2021-12-03,22,14,18.1,18.1,0,16.6,46.4,1018.9,49
cairo,2021-12-04,22,13,17.8,17.8,0,11.2,187.5,1014.8,56.1
cairo,2021-12-05,20,15,18.1,18.1,0,31.7,230.6,1014.7,17.4
cairo,2021-12-06,21,14.8,18,18,0,13,339.8,1018.1,47.3
cairo,2021-12-07,19,15.8,17.7,17.7,0,35.3,216.8,1013.7,54.8
cairo,2021-12-08,19,12,15.7,15.7,0,44.6,234,1017.9,20.4
cairo,2021-12-09,20.1,11.3,16.8,16.8,0,16.6,226.1,1022.9,18.4
cairo,2021-12-10,24,14,18.2,18.2,0,24.1,63.1,1018.9,41.3
cairo,2021-12-11,23,12,17.6,17.6,0,9.4,7.5,1017.1,9.2
cairo,2021-12-12,20,13,17.3,17.3,0,11.2,17.5,1017.4,17.9
cairo,2021-12-13,21,16,18.6,18.6,0,13,357.2,1016,41.8
cairo,2021-12-14,20,15.1,17.9,17.9,0,18.5,298.1,1013.8,63.9
cairo,2021-12-15,19,13,16.1,16.1,0,27.7,237.4,1016.3,13.8
cairo,2021-12-16,19,13,15.7,15.7,0,14.8,244,1018.2,35.9
cairo,2021-12-17,18,14,15.6,15.6,0,20.5,292.3,1018.6,58.6
cairo,2021-12-18,19,12,15.1,15.1,0,33.5,222,1016.7,25.7
cairo,2021-12-19,18,11.8,15.1,15.1,0,29.5,198.8,1015,47.8
cairo,2021-12-20,15,10,12.3,12,2.3,37.1,229.8,1017.3,67.2
cairo,2021-12-21,17,10,13,12.5,0,25.9,199.1,1023.1,39.9
cairo,2021-12-22,19,11.8,14.7,14.7,0.1,18.4,211.8,1022.7,48.4
cairo,2021-12-23,17,11,14,14,0,22.3,314.6,1020.5,63.8
cairo,2021-12-24,17,11,13.9,13.9,0,22.3,342.9,1021.7,49.7
cairo,2021-12-25,19,10,13.6,13.6,0,18.4,40.4,1023.3,19.4
cairo,2021-12-26,19,9,13.7,13.6,0,24.1,43.9,1021.8,0.2
cairo,2021-12-27,19,10,14.4,14.4,0,22.3,13.5,1020.2,28.5
cairo,2021-12-28,19,13,15.4,15.4,0,22.3,310.9,1017.7,53.8
cairo,2021-12-29,19,11,15.2,15.2,0.3,20.5,203.5,1016.5,56.2
cairo,2021-12-30,18,15,16.4,16.4,0.3,35.3,185.1,1012,78.2
cairo,2021-12-31,18,13,16,16,4.2,25.9,184,1010.9,81.8
cairo,2022-01-01,17,10,14.3,14.3,0.4,14.8,338.1,1013.7,67.8
cairo,2022-01-02,19,11,14.6,14.6,0.1,11.2,271.1,1016.7,61.5
cairo,2022-01-03,19,13,15.9,15.9,0,18.5,263.4,1020.1,26.5
cairo,2022-01-04,19,12,15.9,15.9,0,20.4,252.6,1023,40.5
cairo,2022-01-05,19,11,15.6,15.6,0,18.4,305.2,1022.6,17.6
cairo,2022-01-06,20,10,15.2,15.2,0,11.2,70.5,1019.3,26.3
cairo,2022-01-07,18,11,14.2,14.2,0,11.2,336.4,1017.1,0
cairo,2022-01-08,20,10,14.6,14.6,0,7.6,49.3,1014.7,7.9
cairo,2022-01-09,18,11.9,15,15,0,37.1,208.2,1012.9,25.9
cairo,2022-01-10,17,11,14,14,0,22.3,199.7,1013.3,28.4
cairo,2022-01-11,20,12,16.1,16.1,0,25.9,188.6,1014.6,0
cairo,2022-01-12,20,15,17.1,17.1,0,25.9,194.3,1015.2,41.8
cairo,2022-01-13,19,13,15.7,15.7,0,27.7,256.9,1015.8,36.1
cairo,2022-01-14,15,12,13.4,13.4,0,27.7,264.3,1016.7,65
cairo,2022-01-15,16,11,13,13,0,25.9,244.5,1015.7,48.7
cairo,2022-01-16,17,11,13,13,0.2,24.1,245.6,1015.2,53.7
cairo,2022-01-17,14,9,11.4,10.8,0.1,24.1,39.6,1021.2,60.1
cairo,2022-01-18,16.6,6,11.5,11.4,0,18.4,256.9,1024.2,51.3
cairo,2022-01-19,14.8,10,12,11.9,0.5,66,274,1023.4,65.6
cairo,2022-01-20,14,9,11.3,11.1,0,14.8,341.4,1028.2,36.6
cairo,2022-01-21,15,6,10.8,10.6,0,18.4,61.5,1025.8,13.1
cairo,2022-01-22,16,7,11.8,11.8,0,18.7,262.7,1020.7,14.1
cairo,2022-01-23,17,10,13.2,13.1,0,27.7,237.8,1018,36.4
cairo,2022-01-24,15.2,9.8,12.1,11.8,0,14.8,249.6,1020.6,45.2
cairo,2022-01-25,16,8,12.2,11.7,0,25.9,237,1019.9,10.3
cairo,2022-01-26,12,7.8,9.5,7.4,2.2,31.7,236.7,1017.9,53.4
cairo,2022-01-27,13,7,9.9,8.3,0,24.1,234.8,1022.9,64.3
cairo,2022-01-28,15,9,12,11.5,0,32.4,225.7,1024.2,49.4
cairo,2022-01-29,16,10,13.2,13,0,16.6,218.4,1021.5,49.1
cairo,2022-01-30,18,10.8,14.3,14.3,0,24.1,203.8,1017.5,46.8
cairo,2022-01-31,16.1,11,13.2,13.2,0.3,22.3,224,1014,56.5
cairo,2022-02-01,18,11,14.6,14.6,0,20.5,186.2,1018,37.2
cairo,2022-02-02,20,10,15.3,15.3,0,22.3,171.7,1015.2,16.7
cairo,2022-02-03,18,13,15.3,15.3,0,37.1,207.7,1011.5,28.5
cairo,2022-02-04,16,9,13.1,12.8,0.6,33.5,235.5,1014.5,61.4
cairo,2022-02-05,17,10.8,13.9,13.9,0,18.7,258.5,1022.3,63
cairo,2022-02-06,18,10,14.3,14.3,0,13,266.9,1024.6,33.5
cairo,2022-02-07,22,11,16.2,16.2,0,18.4,235.5,1022.6,0
cairo,2022-02-08,23,12,17.7,17.7,0,14.8,199.7,1018.7,1.2
cairo,2022-02-09,17.8,12,14.9,14.9,0,29.5,277.4,1016.5,41.1
cairo,2022-02-10,16,10,12.8,12.6,0,27.7,264.9,1018.8,51
cairo,2022-02-11,18,9,13.7,13.7,0,22.3,33,1022.5,49
cairo,2022-02-12,20,9,14.8,14.6,0,33.5,66,1023.5,0
cairo,2022-02-13,19,8.9,14,13.9,0,24.1,23.7,1021.3,29.2
cairo,2022-02-14,18,10,14.7,14.7,0,22.3,11.2,1020.6,33.6
cairo,2022-02-15,18,11,14.4,14.4,0,24.1,359.5,1021.6,41.4
cairo,2022-02-16,18,10,14.5,14.5,0,24.1,18.3,1020.4,29.9
cairo,2022-02-17,17.8,12,14.6,14.6,0,22.3,38.5,1013.5,41.1
cairo,2022-02-18,18,11,14.3,14.3,0.9,24.1,8.4,1011.6,42
cairo,2022-02-19,15,11,12.7,12.7,6.9,22.3,273.9,1014.8,75.2
cairo,2022-02-20,19,8,14,14,0,9.4,25.9,1022.5,8
cairo,2022-02-21,22,12,17.1,17.1,0,11.2,127.7,1021.2,12.1
cairo,2022-02-22,24,13,18.8,18.8,0,9.4,191.7,1015,33.9
cairo,2022-02-23,25,14.8,19.1,19.1,0.2,31.7,261.7,1010.3,34.8
cairo,2022-02-24,17.1,12,14.9,14.9,0.1,44.6,220.4,1011.9,39.5
cairo,2022-02-25,18,12,15,15,0,35.3,257.2,1015.6,51.2
cairo,2022-02-26,19,13,15.5,15.5,0,16.6,307.4,1020.6,53.6
cairo,2022-02-27,20,11,15.6,15.6,0,78.9,12.8,1021.9,10
cairo,2022-02-28,21,12,16.3,16.3,0,16.6,29.8,1020.6,13.3
cairo,2022-03-01,24,13,18.7,18.7,0,20.5,47.8,1018.4,30.9
cairo,2022-03-02,28.8,15.8,21.5,21.2,0,33.5,206.1,1010.9,31.8
cairo,2022-03-03,19,13,15.9,15.9,0,31.7,277.1,1015.8,23.4
cairo,2022-03-04,19,12,15.4,15.4,0.3,29.5,27.6,1018.4,23.1
cairo,2022-03-05,23,12,17.4,17.4,0,25.9,63,1014.2,24
cairo,2022-03-06,29,16.8,22.3,21.8,0,48.2,242.2,1006.4,35.2
cairo,2022-03-07,22,14,17.8,17.8,0,22.3,17,1013.1,48.5
cairo,2022-03-08,24,15,18.6,18.6,0.3,25.9,57.5,1010,65.4
cairo,2022-03-09,20.8,15,17.2,17.2,0,22.3,2.4,1008.6,40.5
cairo,2022-03-10,20,13.8,16.1,16.1,0.2,44.6,252.5,1012.6,31.4
cairo,2022-03-11,15,10.8,12.7,12.7,0,29.5,284.9,1018.6,48.9
cairo,2022-03-12,15,9.7,12,11.7,0,25.9,355.1,1021.4,62.6
cairo,2022-03-13,15,8.8,11.1,10.5,0,24.1,6.1,1021.6,42.9
cairo,2022-03-14,14,8,10.9,10.4,0,27.7,343.1,1024.7,63.9
cairo,2022-03-15,15,8,11.3,10.4,0,29.5,342.4,1026.6,50.6
cairo,2022-03-16,17,9,12.8,12.8,0,20.5,19.5,1026.1,29.7
cairo,2022-03-17,18,9,13.9,13.8,0,16.6,25.2,1023.6,0
cairo,2022-03-18,20,10,15.2,15.2,0,18.5,3,1021.7,18.3
cairo,2022-03-19,19,12,14.3,14.3,0,27.7,13.9,1020.4,37.9
cairo,2022-03-20,18,10,12.7,12.2,1.4,33.5,37.3,1018.6,58
cairo,2022-03-21,15,9,12.2,11.9,0.8,24.1,28.5,1015.6,72.9
cairo,2022-03-22,16,9,12.6,12.3,0,16.6,338,1016.5,60.3
cairo,2022-03-23,17.5,11,13.9,13.9,0,33.5,263.1,1017,33.1
cairo,2022-03-24,16,10,13.2,13,0.8,31.7,253.5,1017.5,49.7
cairo,2022-03-25,18,11.8,14.4,14.4,0,25.9,280.7,1021.1,27.4
cairo,2022-03-26,22,10,16.4,16.4,0,18.4,359,1025.8,1.7
cairo,2022-03-27,22,12.2,16.5,16.5,0,22.3,9.1,1026.7,10.8
cairo,2022-03-28,22,12,16.5,16.5,0,29.5,45,1024.9,17.6
cairo,2022-03-29,25,12,17.9,17.9,0,18.7,20.3,1017,13.7
cairo,2022-03-30,26,13,19.8,19.8,0,16.6,18.2,1015.5,0
cairo,2022-03-31,29,16,22.2,21.8,0,22.3,48.8,1015.4,19.7
cairo,2022-04-01,32,14.8,22.6,22.2,0,14.8,11.8,1013.5,28.8
cairo,2022-04-02,33,20.8,26.4,25.6,0,14.8,351.1,1012.6,32.9
cairo,2022-04-03,30,18.8,23.1,22.8,0,31.7,41.3,1014.9,15.4
cairo,2022-04-04,33,18,24.9,24.1,0,38.9,59.4,1015.6,27
cairo,2022-04-05,39,19,29.2,27.6,0,16.6,206.8,1012.6,6.3
cairo,2022-04-06,36,25,30.5,28.9,0,24.1,259.6,1012.3,21.2
cairo,2022-04-07,38,21,30,28.4,0,24.1,163.4,1012.4,10.5
cairo,2022-04-08,34,17.9,24,23.7,0,25.9,323.3,1012.8,9.9
cairo,2022-04-09,27,15,20.3,20.2,0,25.9,36.6,1013.7,22.2
cairo,2022-04-10,28,16,20.7,20.6,0,25.9,37.1,1012,56.7
cairo,2022-04-11,27.8,16,20.1,20,0,24.1,350.5,1013.1,2.3
cairo,2022-04-12,22,14.8,17.8,17.8,0,29.5,352.5,1016,17.5
cairo,2022-04-13,24,13,17.6,17.6,0,25.9,20.8,1014.4,21.7
cairo,2022-04-14,25,14,18.7,18.7,0,31.7,37.3,1014.5,10.9
cairo,2022-04-15,26.7,14,19.3,19.3,0,25.9,40.8,1014,24
cairo,2022-04-16,32,15.8,23.1,22.5,0,22.3,62.1,1011.8,12.8
cairo,2022-04-17,40,21,31.3,29.4,0,27.7,195,1005.6,15.4
cairo,2022-04-18,34,19.9,25.5,25.2,0,18.4,340.4,1007.3,23.3
cairo,2022-04-19,27.1,17.8,21.7,21.6,0,25.9,324.4,1013.2,8.6
cairo,2022-04-20,24,16,19.4,19.4,0,25.9,15,1016.9,34.2
cairo,2022-04-21,25,15,19.5,19.5,0,27.7,38,1015.3,44.2
cairo,2022-04-22,25,14.9,19.3,19.3,0,27.7,40.3,1011.9,56
cairo,2022-04-23,29,16,21.5,21.2,0,18.4,9.7,1008.6,34.4
cairo,2022-04-24,30,16,22.6,22.3,0,20.5,347.4,1008.6,5
cairo,2022-04-25,31,18,23.7,23.4,0,27.7,11.3,1010,19.1
cairo,2022-04-26,32,19,24.4,23.9,0,25.9,30.4,1010.7,39.4
cairo,2022-04-27,31,17,23.2,22.8,0,25.9,34.4,1011.1,0
cairo,2022-04-28,31,17,24,23.4,0,20.5,42.9,1010.2,0.8
cairo,2022-04-29,36,18,28.4,26.9,0,24.1,57.5,1006.6,51.8
cairo,2022-04-30,30.1,21.1,26.7,26,0,25.9,276.4,1008.5,0.7
cairo,2022-05-01,30,19,24.1,23.7,0,16.6,315.5,1013.7,12.5
cairo,2022-05-02,32,20,25.5,25,0,42.5,57.9,1009.8,59
cairo,2022-05-03,32,21,26.6,26,0,31.7,262.7,1006.7,10.9
cairo,2022-05-04,26,18.9,21.7,21.7,0.3,24.1,307.7,1014.2,58.1
cairo,2022-05-05,26,17,20.5,20.5,0,29.5,302,1016.4,23.8
cairo,2022-05-06,27,15.9,21.1,21.1,0,20.5,328.4,1015,4
cairo,2022-05-07,28,16.8,22.1,21.9,0,20.5,23.7,1014.8,33.2
cairo,2022-05-08,32,18.9,25.3,24.5,0,24.1,60.1,1014.2,25.3
cairo,2022-05-09,33,20.1,26.4,25.6,0,37.1,295.4,1010.7,1.2
cairo,2022-05-10,30,19,24.2,23.8,0,24.1,36.1,1014.4,1.3
cairo,2022-05-11,29,19,23.8,23.5,0,20.5,353.5,1016.4,59.3
cairo,2022-05-12,29,18,23.3,23,0,27.7,43.3,1018.3,17.1
cairo,2022-05-13,31,19,24.1,23.7,0,31.7,49.1,1015.1,39.4
cairo,2022-05-14,29,20.8,24.3,24.1,0,31.7,19.1,1012.6,35.1
cairo,2022-05-15,29,18,23.5,23.3,0,25.9,351.4,1016.5,22.4
cairo,2022-05-16,28,18,22.9,22.8,0,25.9,13.1,1017.6,62
cairo,2022-05-17,31,18,24.7,24.2,0,24.1,12.8,1015.4,5.4
cairo,2022-05-18,32,19.8,26,25.3,0,25.9,46.4,1013.6,0
cairo,2022-05-19,34,20.9,27.7,26.7,0,22.3,53.2,1013.1,0
cairo,2022-05-20,36,23,29.1,28.1,0,37.1,319.2,1011,6.2
cairo,2022-05-21,29,20,23.7,23.6,0,24.1,300.9,1012.5,36.1
cairo,2022-05-22,28,18.6,23.8,23.5,0,31.7,277.9,1012.5,15.4
cairo,2022-05-23,31,20.1,25.8,25.1,0,24.1,278.4,1012.1,0
cairo,2022-05-24,33,20,26.4,25.7,0,18.4,330,1012.5,0
cairo,2022-05-25,32,21,26.8,26.2,0,27.7,24.9,1014.5,0
cairo,2022-05-26,33,20.9,27,26.4,0,29.5,22.7,1014.6,0
cairo,2022-05-27,34.2,21.8,28.1,27.3,0,31.7,17.4,1012,0
cairo,2022-05-28,35,23,28.7,27.9,0,25.9,12.5,1010.1,0
cairo,2022-05-29,37,23.8,30.6,29.5,0,20.5,26.9,1010.7,0
cairo,2022-05-30,38,24.1,31.6,30.1,0,24.1,39.3,1011,0
cairo,2022-05-31,34,23,28.5,28.3,0,25.9,357.9,1011.5,0
cairo,2022-06-01,31.1,21,26.2,25.9,0,20.5,340.8,1010,0.9
cairo,2022-06-02,32,21.8,26.8,26.6,0,20.5,306.6,1008.5,9.6
cairo,2022-06-03,34,23,28.5,28,0,22.3,353.3,1009.8,0.1
cairo,2022-06-04,35.1,25,29.8,29.5,0,31.7,25.2,1010,0
cairo,2022-06-05,35,23.9,28.8,28.7,0,27.7,7.8,1010.1,0.1
cairo,2022-06-06,33,23,27.9,27.7,0,18.4,1.9,1009.7,11.4
cairo,2022-06-07,34.9,23.9,28.9,28.7,0,24.1,320.4,1008.4,7.6
cairo,2022-06-08,36.7,24,30,29.6,0,20.5,356.8,1009.7,0
cairo,2022-06-09,40,28,33,32,0,31.7,17.4,1008.7,0
cairo,2022-06-10,38,25.8,31.7,31,0,25.9,25.2,1010.4,0.1
cairo,2022-06-11,43,26.9,34.1,32.7,0,29.5,331.9,1008.6,1.7
cairo,2022-06-12,33,25,28.8,28.6,0,22.3,322.8,1008.4,10.2
cairo,2022-06-13,31,22.8,27.3,27.1,0,20.5,348.6,1008.8,26.6
cairo,2022-06-14,33,24.8,28.8,28.6,0,22.3,351.2,1009.9,12.1
cairo,2022-06-15,33,24,27.8,27.9,0,27.7,21.4,1011.8,13.3
cairo,2022-06-16,33,23,27.4,27.6,0,27.7,22.8,1010.9,38.1
cairo,2022-06-17,33.8,23,27.8,27.9,0,27.7,1.2,1009.9,24.5
cairo,2022-06-18,33,23,27.6,27.4,0,93.7,346.2,1009.2,23.1
cairo,2022-06-19,33,22,27.2,26.8,0,22.3,358.4,1010.9,14.8
cairo,2022-06-20,33,22.8,27.3,27.1,0,25.9,354.7,1012,8.8
cairo,2022-06-21,32,22,26.9,26.6,0,24.1,332,1010.2,0.3
cairo,2022-06-22,33,23,27.6,27.7,0,22.3,305.7,1007.6,20.5
cairo,2022-06-23,36,23,29.6,29.3,0,24.1,348.6,1008.6,12
cairo,2022-06-24,37,25,31.4,31.5,0,20.5,329.1,1008.2,0
cairo,2022-06-25,33,24.9,29.1,29.1,0,27.7,336.3,1008.5,14.1
cairo,2022-06-26,34.8,23,28.8,28.3,0,20.5,344.4,1010.4,10
cairo,2022-06-27,34,25,29.2,29.2,0,27.7,308.6,1009.7,0
cairo,2022-06-28,33,23,28.1,28.1,0,18.4,323.8,1007.7,8.4
cairo,2022-06-29,34,24,28.7,28.7,0,22.3,329.1,1007.7,16.5
cairo,2022-06-30,33,25,28.7,29.4,0,18.4,321.6,1007.3,41.6
cairo,2022-07-01,34,24,28.7,29,0,22.3,340.4,1007.9,34.2
cairo,2022-07-02,35,24,29.6,29.8,0,16.6,342.8,1007.9,3.3
cairo,2022-07-03,36,25,30.5,31,0,20.5,355.2,1006.3,4.3
cairo,2022-07-04,36,26,31.4,31.7,0,25.9,359.2,1006,5.9
cairo,2022-07-05,36,25,30.7,31,0,22.3,333.9,1007.7,0
cairo,2022-07-06,35,24,29,28.8,0,20.5,343.3,1007.5,0
cairo,2022-07-07,34,24,29.3,28.8,0,16.6,333.2,1008.1,0
cairo,2022-07-08,33,24,28.3,29.2,0,20.5,314.7,1007.9,26
cairo,2022-07-09,35,24,29.3,29.3,0,20.5,340.3,1007.1,14.4
cairo,2022-07-10,33,25,29,29.9,0,24.1,346.7,1005.9,26.6
cairo,2022-07-11,32,24,27.7,28,0,18.4,353.7,1008.7,26.5
cairo,2022-07-12,33,23.8,27.9,28.6,0,24.1,346.1,1010.8,24.4
cairo,2022-07-13,33,23.9,27.5,27.6,0,35.3,321.9,1010,18.2
cairo,2022-07-14,33,23,27.2,27.3,0,22.3,326.9,1008.7,29
cairo,2022-07-15,33,22.9,27.7,27.6,0,18.4,321.2,1007.9,10.2
cairo,2022-07-16,32,24,27.8,28,0,22.3,337.4,1008.2,6.7
cairo,2022-07-17,35,24,29,29.4,0,20.5,340.3,1007.5,20.6
cairo,2022-07-18,36,24,29.6,30.5,0,20.5,340.2,1006.1,17.1
cairo,2022-07-19,36,26,30.8,31.4,0,20.5,350.2,1006.6,0
cairo,2022-07-20,35,26,29.9,31.1,0,24.1,350,1008.4,5.8
cairo,2022-07-21,34,24,28.4,28.9,0,20.5,324,1008.2,19.5
cairo,2022-07-22,34,24,28.4,28.6,0,22.3,351.9,1008.8,14.9
cairo,2022-07-23,35,23.9,28.8,29.1,0,22.3,338.9,1008.7,5.2
cairo,2022-07-24,36,23,29.1,29.4,0,18.4,340.9,1006.3,6.2
cairo,2022-07-25,36,23,29.5,29.7,0,20.5,334,1004.8,8.6
cairo,2022-07-26,36,24.8,30.7,30.4,0,16.6,3.2,1004.8,0
cairo,2022-07-27,35,24,29.9,29.6,0,24.1,357.7,1005.1,4
cairo,2022-07-28,37,25.8,31,30.8,0,24.1,18.9,1006.3,0
cairo,2022-07-29,36,25,30.7,30.8,0,24.1,4.8,1007.9,0.2
cairo,2022-07-30,35.1,24.9,30.2,30,0,22.3,2.3,1007.9,0
cairo,2022-07-31,34,25,29.2,30.5,0,18.4,329.8,1005.7,17.2
cairo,2022-08-01,35.8,25,29.9,30.9,0,16.6,319.8,1005.1,20.9
cairo,2022-08-02,35,25.8,29.8,31.4,0,22.3,302.9,1005.7,14.2
cairo,2022-08-03,35,25,29.5,29.8,0,18.4,324.8,1007,0.7
cairo,2022-08-04,34,25,29.1,30,0,18.4,350.1,1007.7,5.8
cairo,2022-08-05,35,24.9,29,29.8,0,18.4,348.2,1007.5,11.4
cairo,2022-08-06,34,25,28.7,29.7,0,22.3,353.4,1006.6,12.6
cairo,2022-08-07,33,24.9,29,29.8,0,16.6,341.4,1005.4,2.3
cairo,2022-08-08,35,25.9,30.4,30.8,0,20.5,4.3,1007.2,4.6
cairo,2022-08-09,35,26,30.7,31.8,0,22.3,350.3,1007.9,0
cairo,2022-08-10,34,25.9,29.8,31.2,0,16.6,10.1,1007.8,13.2
cairo,2022-08-11,34,26,29.8,30.7,0,20.5,346.5,1007.5,16.3
cairo,2022-08-12,33,25.8,28.9,29.4,0,22.3,5.3,1008.3,4
cairo,2022-08-13,34,25,29.1,29.3,0,20.5,325.1,1008.2,11.4
cairo,2022-08-14,34,25,29.2,29.7,0,20.5,349.2,1007.6,6
cairo,2022-08-15,33.1,25,28.8,29.8,0,20.5,12.7,1008.6,38
cairo,2022-08-16,33,25,28.9,29.7,0,24.1,20.6,1009.4,6
cairo,2022-08-17,32,24.8,28.2,28.7,0,22.3,4.4,1008.1,2.4
cairo,2022-08-18,35,24,29,29.7,0,18.4,341.3,1006.2,8.1
cairo,2022-08-19,36,25,30,31.1,0,18.4,313,1006,6.1
cairo,2022-08-20,36.1,26,30.8,32.9,0,18.4,299.9,1006.6,9.9
cairo,2022-08-21,36,27,31.6,32.1,0,18.4,314.3,1005.8,0
cairo,2022-08-22,36,25.9,30.9,32.2,0,20.5,356.4,1007.5,0.1
cairo,2022-08-23,38,27,32.2,33.5,0,25.9,34.9,1008.9,0.3
cairo,2022-08-24,40,27,32.5,32.9,0,27.7,40.6,1007.4,0
cairo,2022-08-25,34,26,29.2,31.3,0,27.7,6.1,1008.3,40.5
cairo,2022-08-26,33,25,28.4,29.2,0,75.2,9.8,1008.7,29.4
cairo,2022-08-27,34,24,28.5,29.3,0,33.5,25.5,1009.1,0.1
cairo,2022-08-28,33.1,25,28.7,30.2,0,29.5,20.7,1009.4,23.7
cairo,2022-08-29,33.1,25.1,28.8,30.5,0,24.1,13.4,1010.8,27.5
cairo,2022-08-30,34,25.8,28.9,30.6,0,24.1,10.4,1011.4,20.4
cairo,2022-08-31,33,25,28.5,29.9,0,24.1,6.3,1010.4,21.1
cairo,2022-09-01,33,24.9,28.4,29.2,0,24.1,10.6,1009.5,23
cairo,2022-09-02,33,24.9,28.3,29.1,0,27.7,5.7,1010.8,19.3
cairo,2022-09-03,33,25,28.4,29.2,0,25.9,14.3,1012.3,12.2
cairo,2022-09-04,33.8,24.9,28.6,29.4,0,24.1,13.7,1012.2,11
cairo,2022-09-05,34,25,28.6,29.3,0,20.5,331.1,1011,22.8
cairo,2022-09-06,33,25,28.2,28.7,0,20.5,314.9,1009.8,42.6
cairo,2022-09-07,33,25,28.2,29,0,25.9,337.5,1009.4,31.3
cairo,2022-09-08,33,24.9,28.5,29.6,0,27.7,11.4,1010.7,40.1
cairo,2022-09-09,34,25,28.8,29.3,0,29.5,14.1,1012.3,25.3
cairo,2022-09-10,33,24,28,28.3,0,24.1,2.3,1012.5,14.2
cairo,2022-09-11,34,24,28.3,28.4,0,20.5,358.5,1010.6,14
cairo,2022-09-12,34,24.9,29,30,0,16.6,336.5,1007.9,16.9
cairo,2022-09-13,33,25,28.6,29.4,0,18.4,327.8,1008,35.7
cairo,2022-09-14,31,24,27.4,27.1,0,24.1,330.1,1012.5,0.4
cairo,2022-09-15,30,23,26.4,26.2,0,20.5,3.9,1013.8,6.1
cairo,2022-09-16,31,22,26.4,26.2,0,24.1,4.8,1011.5,2
cairo,2022-09-17,32,23.8,27.4,27.7,0,29.5,1.8,1009.3,38.4
cairo,2022-09-18,32,24,27.9,27.7,0,16.6,344.3,1010.1,11
cairo,2022-09-19,32,24,27.4,27.7,0,16.6,339.8,1011.5,27.1
cairo,2022-09-20,32,24,27.6,27.6,0,24.1,334.1,1010.3,25.6
cairo,2022-09-21,32,24,27.2,26.9,0,18.4,322,1010.6,11.1
cairo,2022-09-22,33.8,23,28.5,28.1,0,20.5,26.9,1009.9,5
cairo,2022-09-23,34,24,27.9,28.5,0,24.1,42.2,1011.4,0
cairo,2022-09-24,35,24,28.5,29,0,29.5,45.1,1013.1,5.1
cairo,2022-09-25,35,24,28.9,29.4,0,29.5,51.9,1013.3,5.1
cairo,2022-09-26,35.8,24,28.9,29.4,0,27.7,46,1013.2,3
cairo,2022-09-27,36,24,29.2,29.5,0,22.3,43.6,1012.8,0
cairo,2022-09-28,35.1,24.9,29.7,29.3,0,22.3,49.5,1012.9,0
cairo,2022-09-29,37,25,30.7,30.1,0,24.1,57,1012.7,0
cairo,2022-09-30,37.1,26,30.7,31.1,0,29.5,48.2,1014.5,0
cairo,2022-10-01,37,25.8,30.3,30.9,0,22.3,25.1,1016.1,0
